time_frame;atom;xpos;ypos;gate;size
1;0;0;57;1;1
1;1;6;57;1;1
1;2;0;63;1;1
1;3;6;63;1;1
1;4;0;69;1;1
1;5;6;69;1;1
1;6;60;111;1;1
1;7;66;111;1;1
1;8;60;117;1;1
1;9;66;117;1;1
1;10;60;123;1;1
1;11;66;123;1;1
1;12;0;111;1;1
1;13;6;111;1;1
1;14;0;117;1;1
1;15;6;117;1;1
1;16;0;123;1;1
1;17;6;123;1;1
1;18;48;111;1;1
1;19;54;111;1;1
1;20;48;117;1;1
1;21;54;117;1;1
1;22;48;123;1;1
1;23;54;123;1;1
1;24;36;111;1;1
1;25;42;111;1;1
1;26;36;117;1;1
1;27;42;117;1;1
1;28;36;123;1;1
1;29;42;123;1;1
1;30;12;111;1;1
1;31;18;111;1;1
1;32;12;117;1;1
1;33;18;117;1;1
1;34;12;123;1;1
1;35;18;123;1;1
1;36;24;111;1;1
1;37;30;111;1;1
1;38;24;117;1;1
1;39;30;117;1;1
1;40;24;123;1;1
1;41;30;123;1;1
1;42;72;111;1;1
1;43;78;111;1;1
1;44;72;117;1;1
1;45;78;117;1;1
1;46;72;123;1;1
1;47;78;123;1;1
2;12;1;111;1;1
2;13;7;111;1;1
2;14;1;117;1;1
2;15;7;117;1;1
2;16;1;123;1;1
2;17;7;123;1;1
2;30;13;111;1;1
2;31;19;111;1;1
2;32;13;117;1;1
2;33;19;117;1;1
2;34;13;123;1;1
2;35;19;123;1;1
2;36;25;111;1;1
2;37;31;111;1;1
2;38;25;117;1;1
2;39;31;117;1;1
2;40;25;123;1;1
2;41;31;123;1;1
2;24;37;111;1;1
2;25;43;111;1;1
2;26;37;117;1;1
2;27;43;117;1;1
2;28;37;123;1;1
2;29;43;123;1;1
2;0;0;57;1;1
2;1;6;57;1;1
2;2;0;63;1;1
2;3;6;63;1;1
2;4;0;69;1;1
2;5;6;69;1;1
2;6;60;111;1;1
2;7;66;111;1;1
2;8;60;117;1;1
2;9;66;117;1;1
2;10;60;123;1;1
2;11;66;123;1;1
2;18;48;111;1;1
2;19;54;111;1;1
2;20;48;117;1;1
2;21;54;117;1;1
2;22;48;123;1;1
2;23;54;123;1;1
2;42;72;111;1;1
2;43;78;111;1;1
2;44;72;117;1;1
2;45;78;117;1;1
2;46;72;123;1;1
2;47;78;123;1;1
3;12;1;3;1;1
3;13;7;3;1;1
3;14;1;13;1;1
3;15;7;13;1;1
3;16;1;23;1;1
3;17;7;23;1;1
3;30;13;3;1;1
3;31;19;3;1;1
3;32;13;13;1;1
3;33;19;13;1;1
3;34;13;23;1;1
3;35;19;23;1;1
3;36;25;3;1;1
3;37;31;3;1;1
3;38;25;13;1;1
3;39;31;13;1;1
3;40;25;23;1;1
3;41;31;23;1;1
3;24;37;3;1;1
3;25;43;3;1;1
3;26;37;13;1;1
3;27;43;13;1;1
3;28;37;23;1;1
3;29;43;23;1;1
3;0;0;57;1;1
3;1;6;57;1;1
3;2;0;63;1;1
3;3;6;63;1;1
3;4;0;69;1;1
3;5;6;69;1;1
3;6;60;111;1;1
3;7;66;111;1;1
3;8;60;117;1;1
3;9;66;117;1;1
3;10;60;123;1;1
3;11;66;123;1;1
3;18;48;111;1;1
3;19;54;111;1;1
3;20;48;117;1;1
3;21;54;117;1;1
3;22;48;123;1;1
3;23;54;123;1;1
3;42;72;111;1;1
3;43;78;111;1;1
3;44;72;117;1;1
3;45;78;117;1;1
3;46;72;123;1;1
3;47;78;123;1;1
4;12;4;3;1;1
4;13;16;3;1;1
4;14;4;13;1;1
4;15;16;13;1;1
4;16;4;23;1;1
4;17;16;23;1;1
4;30;28;3;1;1
4;31;40;3;1;1
4;32;28;13;1;1
4;33;40;13;1;1
4;34;28;23;1;1
4;35;40;23;1;1
4;36;76;3;1;1
4;37;88;3;1;1
4;38;76;13;1;1
4;39;88;13;1;1
4;40;76;23;1;1
4;41;88;23;1;1
4;24;100;3;1;1
4;25;112;3;1;1
4;26;100;13;1;1
4;27;112;13;1;1
4;28;100;23;1;1
4;29;112;23;1;1
4;0;0;57;1;1
4;1;6;57;1;1
4;2;0;63;1;1
4;3;6;63;1;1
4;4;0;69;1;1
4;5;6;69;1;1
4;6;60;111;1;1
4;7;66;111;1;1
4;8;60;117;1;1
4;9;66;117;1;1
4;10;60;123;1;1
4;11;66;123;1;1
4;18;48;111;1;1
4;19;54;111;1;1
4;20;48;117;1;1
4;21;54;117;1;1
4;22;48;123;1;1
4;23;54;123;1;1
4;42;72;111;1;1
4;43;78;111;1;1
4;44;72;117;1;1
4;45;78;117;1;1
4;46;72;123;1;1
4;47;78;123;1;1
5;12;4;2;1;1
5;13;16;2;1;1
5;14;4;12;1;1
5;15;16;12;1;1
5;16;4;22;1;1
5;17;16;22;1;1
5;30;28;2;1;1
5;31;40;2;1;1
5;32;28;12;1;1
5;33;40;12;1;1
5;34;28;22;1;1
5;35;40;22;1;1
5;36;76;2;1;1
5;37;88;2;1;1
5;38;76;12;1;1
5;39;88;12;1;1
5;40;76;22;1;1
5;41;88;22;1;1
5;24;100;2;1;1
5;25;112;2;1;1
5;26;100;12;1;1
5;27;112;12;1;1
5;28;100;22;1;1
5;29;112;22;1;1
5;0;0;57;1;1
5;1;6;57;1;1
5;2;0;63;1;1
5;3;6;63;1;1
5;4;0;69;1;1
5;5;6;69;1;1
5;6;60;111;1;1
5;7;66;111;1;1
5;8;60;117;1;1
5;9;66;117;1;1
5;10;60;123;1;1
5;11;66;123;1;1
5;18;48;111;1;1
5;19;54;111;1;1
5;20;48;117;1;1
5;21;54;117;1;1
5;22;48;123;1;1
5;23;54;123;1;1
5;42;72;111;1;1
5;43;78;111;1;1
5;44;72;117;1;1
5;45;78;117;1;1
5;46;72;123;1;1
5;47;78;123;1;1
6;12;3;2;1;1
6;13;15;2;1;1
6;14;3;12;1;1
6;15;15;12;1;1
6;16;3;22;1;1
6;17;15;22;1;1
6;30;27;2;1;1
6;31;39;2;1;1
6;32;27;12;1;1
6;33;39;12;1;1
6;34;27;22;1;1
6;35;39;22;1;1
6;36;75;2;1;1
6;37;87;2;1;1
6;38;75;12;1;1
6;39;87;12;1;1
6;40;75;22;1;1
6;41;87;22;1;1
6;24;99;2;1;1
6;25;111;2;1;1
6;26;99;12;1;1
6;27;111;12;1;1
6;28;99;22;1;1
6;29;111;22;1;1
6;0;0;57;1;1
6;1;6;57;1;1
6;2;0;63;1;1
6;3;6;63;1;1
6;4;0;69;1;1
6;5;6;69;1;1
6;6;60;111;1;1
6;7;66;111;1;1
6;8;60;117;1;1
6;9;66;117;1;1
6;10;60;123;1;1
6;11;66;123;1;1
6;18;48;111;1;1
6;19;54;111;1;1
6;20;48;117;1;1
6;21;54;117;1;1
6;22;48;123;1;1
6;23;54;123;1;1
6;42;72;111;1;1
6;43;78;111;1;1
6;44;72;117;1;1
6;45;78;117;1;1
6;46;72;123;1;1
6;47;78;123;1;1
7;18;49;111;1;1
7;19;55;111;1;1
7;20;49;117;1;1
7;21;55;117;1;1
7;22;49;123;1;1
7;23;55;123;1;1
7;6;61;111;1;1
7;7;67;111;1;1
7;8;61;117;1;1
7;9;67;117;1;1
7;10;61;123;1;1
7;11;67;123;1;1
7;42;73;111;1;1
7;43;79;111;1;1
7;44;73;117;1;1
7;45;79;117;1;1
7;46;73;123;1;1
7;47;79;123;1;1
7;0;0;57;1;1
7;1;6;57;1;1
7;2;0;63;1;1
7;3;6;63;1;1
7;4;0;69;1;1
7;5;6;69;1;1
7;12;3;2;1;1
7;13;15;2;1;1
7;14;3;12;1;1
7;15;15;12;1;1
7;16;3;22;1;1
7;17;15;22;1;1
7;24;99;2;1;1
7;25;111;2;1;1
7;26;99;12;1;1
7;27;111;12;1;1
7;28;99;22;1;1
7;29;111;22;1;1
7;30;27;2;1;1
7;31;39;2;1;1
7;32;27;12;1;1
7;33;39;12;1;1
7;34;27;22;1;1
7;35;39;22;1;1
7;36;75;2;1;1
7;37;87;2;1;1
7;38;75;12;1;1
7;39;87;12;1;1
7;40;75;22;1;1
7;41;87;22;1;1
8;18;49;3;1;1
8;19;55;3;1;1
8;20;49;13;1;1
8;21;55;13;1;1
8;22;49;23;1;1
8;23;55;23;1;1
8;6;61;3;1;1
8;7;67;3;1;1
8;8;61;13;1;1
8;9;67;13;1;1
8;10;61;23;1;1
8;11;67;23;1;1
8;42;73;3;1;1
8;43;79;3;1;1
8;44;73;13;1;1
8;45;79;13;1;1
8;46;73;23;1;1
8;47;79;23;1;1
8;0;0;57;1;1
8;1;6;57;1;1
8;2;0;63;1;1
8;3;6;63;1;1
8;4;0;69;1;1
8;5;6;69;1;1
8;12;3;2;1;1
8;13;15;2;1;1
8;14;3;12;1;1
8;15;15;12;1;1
8;16;3;22;1;1
8;17;15;22;1;1
8;24;99;2;1;1
8;25;111;2;1;1
8;26;99;12;1;1
8;27;111;12;1;1
8;28;99;22;1;1
8;29;111;22;1;1
8;30;27;2;1;1
8;31;39;2;1;1
8;32;27;12;1;1
8;33;39;12;1;1
8;34;27;22;1;1
8;35;39;22;1;1
8;36;75;2;1;1
8;37;87;2;1;1
8;38;75;12;1;1
8;39;87;12;1;1
8;40;75;22;1;1
8;41;87;22;1;1
9;18;-13;3;1;1
9;19;-9;3;1;1
9;20;-13;13;1;1
9;21;-9;13;1;1
9;22;-13;23;1;1
9;23;-9;23;1;1
9;6;-5;3;1;1
9;7;-1;3;1;1
9;8;-5;13;1;1
9;9;-1;13;1;1
9;10;-5;23;1;1
9;11;-1;23;1;1
9;42;3;3;1;1
9;43;15;3;1;1
9;44;3;13;1;1
9;45;15;13;1;1
9;46;3;23;1;1
9;47;15;23;1;1
9;0;0;57;1;1
9;1;6;57;1;1
9;2;0;63;1;1
9;3;6;63;1;1
9;4;0;69;1;1
9;5;6;69;1;1
9;12;3;2;1;1
9;13;15;2;1;1
9;14;3;12;1;1
9;15;15;12;1;1
9;16;3;22;1;1
9;17;15;22;1;1
9;24;99;2;1;1
9;25;111;2;1;1
9;26;99;12;1;1
9;27;111;12;1;1
9;28;99;22;1;1
9;29;111;22;1;1
9;30;27;2;1;1
9;31;39;2;1;1
9;32;27;12;1;1
9;33;39;12;1;1
9;34;27;22;1;1
9;35;39;22;1;1
9;36;75;2;1;1
9;37;87;2;1;1
9;38;75;12;1;1
9;39;87;12;1;1
9;40;75;22;1;1
9;41;87;22;1;1
10;42;3;3;4;3
10;12;3;2;4;3
10;43;15;3;4;3
10;13;15;2;4;3
10;44;3;13;4;3
10;14;3;12;4;3
10;45;15;13;4;3
10;15;15;12;4;3
10;46;3;23;4;3
10;16;3;22;4;3
10;47;15;23;4;3
10;17;15;22;4;3
10;0;0;57;1;1
10;1;6;57;1;1
10;2;0;63;1;1
10;3;6;63;1;1
10;4;0;69;1;1
10;5;6;69;1;1
10;6;-5;3;1;1
10;7;-1;3;1;1
10;8;-5;13;1;1
10;9;-1;13;1;1
10;10;-5;23;1;1
10;11;-1;23;1;1
10;18;-13;3;1;1
10;19;-9;3;1;1
10;20;-13;13;1;1
10;21;-9;13;1;1
10;22;-13;23;1;1
10;23;-9;23;1;1
10;24;99;2;1;1
10;25;111;2;1;1
10;26;99;12;1;1
10;27;111;12;1;1
10;28;99;22;1;1
10;29;111;22;1;1
10;30;27;2;1;1
10;31;39;2;1;1
10;32;27;12;1;1
10;33;39;12;1;1
10;34;27;22;1;1
10;35;39;22;1;1
10;36;75;2;1;1
10;37;87;2;1;1
10;38;75;12;1;1
10;39;87;12;1;1
10;40;75;22;1;1
10;41;87;22;1;1
11;18;-5;3;1;1
11;19;-1;3;1;1
11;20;-5;13;1;1
11;21;-1;13;1;1
11;22;-5;23;1;1
11;23;-1;23;1;1
11;6;3;3;1;1
11;7;15;3;1;1
11;8;3;13;1;1
11;9;15;13;1;1
11;10;3;23;1;1
11;11;15;23;1;1
11;42;27;3;1;1
11;43;39;3;1;1
11;44;27;13;1;1
11;45;39;13;1;1
11;46;27;23;1;1
11;47;39;23;1;1
11;0;0;57;1;1
11;1;6;57;1;1
11;2;0;63;1;1
11;3;6;63;1;1
11;4;0;69;1;1
11;5;6;69;1;1
11;12;3;2;1;1
11;13;15;2;1;1
11;14;3;12;1;1
11;15;15;12;1;1
11;16;3;22;1;1
11;17;15;22;1;1
11;24;99;2;1;1
11;25;111;2;1;1
11;26;99;12;1;1
11;27;111;12;1;1
11;28;99;22;1;1
11;29;111;22;1;1
11;30;27;2;1;1
11;31;39;2;1;1
11;32;27;12;1;1
11;33;39;12;1;1
11;34;27;22;1;1
11;35;39;22;1;1
11;36;75;2;1;1
11;37;87;2;1;1
11;38;75;12;1;1
11;39;87;12;1;1
11;40;75;22;1;1
11;41;87;22;1;1
12;12;3;2;4;3
12;6;3;3;4;3
12;13;15;2;4;3
12;7;15;3;4;3
12;14;3;12;4;3
12;8;3;13;4;3
12;15;15;12;4;3
12;9;15;13;4;3
12;16;3;22;4;3
12;10;3;23;4;3
12;17;15;22;4;3
12;11;15;23;4;3
12;42;27;3;4;3
12;30;27;2;4;3
12;43;39;3;4;3
12;31;39;2;4;3
12;44;27;13;4;3
12;32;27;12;4;3
12;45;39;13;4;3
12;33;39;12;4;3
12;46;27;23;4;3
12;34;27;22;4;3
12;47;39;23;4;3
12;35;39;22;4;3
12;0;0;57;1;1
12;1;6;57;1;1
12;2;0;63;1;1
12;3;6;63;1;1
12;4;0;69;1;1
12;5;6;69;1;1
12;18;-5;3;1;1
12;19;-1;3;1;1
12;20;-5;13;1;1
12;21;-1;13;1;1
12;22;-5;23;1;1
12;23;-1;23;1;1
12;24;99;2;1;1
12;25;111;2;1;1
12;26;99;12;1;1
12;27;111;12;1;1
12;28;99;22;1;1
12;29;111;22;1;1
12;36;75;2;1;1
12;37;87;2;1;1
12;38;75;12;1;1
12;39;87;12;1;1
12;40;75;22;1;1
12;41;87;22;1;1
13;18;27;3;1;1
13;19;39;3;1;1
13;20;27;13;1;1
13;21;39;13;1;1
13;22;27;23;1;1
13;23;39;23;1;1
13;6;51;3;1;1
13;7;63;3;1;1
13;8;51;13;1;1
13;9;63;13;1;1
13;10;51;23;1;1
13;11;63;23;1;1
13;42;75;3;1;1
13;43;87;3;1;1
13;44;75;13;1;1
13;45;87;13;1;1
13;46;75;23;1;1
13;47;87;23;1;1
13;0;0;57;1;1
13;1;6;57;1;1
13;2;0;63;1;1
13;3;6;63;1;1
13;4;0;69;1;1
13;5;6;69;1;1
13;12;3;2;1;1
13;13;15;2;1;1
13;14;3;12;1;1
13;15;15;12;1;1
13;16;3;22;1;1
13;17;15;22;1;1
13;24;99;2;1;1
13;25;111;2;1;1
13;26;99;12;1;1
13;27;111;12;1;1
13;28;99;22;1;1
13;29;111;22;1;1
13;30;27;2;1;1
13;31;39;2;1;1
13;32;27;12;1;1
13;33;39;12;1;1
13;34;27;22;1;1
13;35;39;22;1;1
13;36;75;2;1;1
13;37;87;2;1;1
13;38;75;12;1;1
13;39;87;12;1;1
13;40;75;22;1;1
13;41;87;22;1;1
14;30;27;2;4;3
14;18;27;3;4;3
14;31;39;2;4;3
14;19;39;3;4;3
14;32;27;12;4;3
14;20;27;13;4;3
14;33;39;12;4;3
14;21;39;13;4;3
14;34;27;22;4;3
14;22;27;23;4;3
14;35;39;22;4;3
14;23;39;23;4;3
14;42;75;3;4;3
14;36;75;2;4;3
14;43;87;3;4;3
14;37;87;2;4;3
14;44;75;13;4;3
14;38;75;12;4;3
14;45;87;13;4;3
14;39;87;12;4;3
14;46;75;23;4;3
14;40;75;22;4;3
14;47;87;23;4;3
14;41;87;22;4;3
14;0;0;57;1;1
14;1;6;57;1;1
14;2;0;63;1;1
14;3;6;63;1;1
14;4;0;69;1;1
14;5;6;69;1;1
14;6;51;3;1;1
14;7;63;3;1;1
14;8;51;13;1;1
14;9;63;13;1;1
14;10;51;23;1;1
14;11;63;23;1;1
14;12;3;2;1;1
14;13;15;2;1;1
14;14;3;12;1;1
14;15;15;12;1;1
14;16;3;22;1;1
14;17;15;22;1;1
14;24;99;2;1;1
14;25;111;2;1;1
14;26;99;12;1;1
14;27;111;12;1;1
14;28;99;22;1;1
14;29;111;22;1;1
15;18;51;3;1;1
15;19;63;3;1;1
15;20;51;13;1;1
15;21;63;13;1;1
15;22;51;23;1;1
15;23;63;23;1;1
15;6;75;3;1;1
15;7;87;3;1;1
15;8;75;13;1;1
15;9;87;13;1;1
15;10;75;23;1;1
15;11;87;23;1;1
15;42;99;3;1;1
15;43;111;3;1;1
15;44;99;13;1;1
15;45;111;13;1;1
15;46;99;23;1;1
15;47;111;23;1;1
15;0;0;57;1;1
15;1;6;57;1;1
15;2;0;63;1;1
15;3;6;63;1;1
15;4;0;69;1;1
15;5;6;69;1;1
15;12;3;2;1;1
15;13;15;2;1;1
15;14;3;12;1;1
15;15;15;12;1;1
15;16;3;22;1;1
15;17;15;22;1;1
15;24;99;2;1;1
15;25;111;2;1;1
15;26;99;12;1;1
15;27;111;12;1;1
15;28;99;22;1;1
15;29;111;22;1;1
15;30;27;2;1;1
15;31;39;2;1;1
15;32;27;12;1;1
15;33;39;12;1;1
15;34;27;22;1;1
15;35;39;22;1;1
15;36;75;2;1;1
15;37;87;2;1;1
15;38;75;12;1;1
15;39;87;12;1;1
15;40;75;22;1;1
15;41;87;22;1;1
16;36;75;2;4;3
16;6;75;3;4;3
16;37;87;2;4;3
16;7;87;3;4;3
16;38;75;12;4;3
16;8;75;13;4;3
16;39;87;12;4;3
16;9;87;13;4;3
16;40;75;22;4;3
16;10;75;23;4;3
16;41;87;22;4;3
16;11;87;23;4;3
16;42;99;3;4;3
16;24;99;2;4;3
16;43;111;3;4;3
16;25;111;2;4;3
16;44;99;13;4;3
16;26;99;12;4;3
16;45;111;13;4;3
16;27;111;12;4;3
16;46;99;23;4;3
16;28;99;22;4;3
16;47;111;23;4;3
16;29;111;22;4;3
16;0;0;57;1;1
16;1;6;57;1;1
16;2;0;63;1;1
16;3;6;63;1;1
16;4;0;69;1;1
16;5;6;69;1;1
16;12;3;2;1;1
16;13;15;2;1;1
16;14;3;12;1;1
16;15;15;12;1;1
16;16;3;22;1;1
16;17;15;22;1;1
16;18;51;3;1;1
16;19;63;3;1;1
16;20;51;13;1;1
16;21;63;13;1;1
16;22;51;23;1;1
16;23;63;23;1;1
16;30;27;2;1;1
16;31;39;2;1;1
16;32;27;12;1;1
16;33;39;12;1;1
16;34;27;22;1;1
16;35;39;22;1;1
17;18;99;3;1;1
17;19;111;3;1;1
17;20;99;13;1;1
17;21;111;13;1;1
17;22;99;23;1;1
17;23;111;23;1;1
17;6;123;3;1;1
17;7;135;3;1;1
17;8;123;13;1;1
17;9;135;13;1;1
17;10;123;23;1;1
17;11;135;23;1;1
17;42;147;3;1;1
17;43;159;3;1;1
17;44;147;13;1;1
17;45;159;13;1;1
17;46;147;23;1;1
17;47;159;23;1;1
17;0;0;57;1;1
17;1;6;57;1;1
17;2;0;63;1;1
17;3;6;63;1;1
17;4;0;69;1;1
17;5;6;69;1;1
17;12;3;2;1;1
17;13;15;2;1;1
17;14;3;12;1;1
17;15;15;12;1;1
17;16;3;22;1;1
17;17;15;22;1;1
17;24;99;2;1;1
17;25;111;2;1;1
17;26;99;12;1;1
17;27;111;12;1;1
17;28;99;22;1;1
17;29;111;22;1;1
17;30;27;2;1;1
17;31;39;2;1;1
17;32;27;12;1;1
17;33;39;12;1;1
17;34;27;22;1;1
17;35;39;22;1;1
17;36;75;2;1;1
17;37;87;2;1;1
17;38;75;12;1;1
17;39;87;12;1;1
17;40;75;22;1;1
17;41;87;22;1;1
18;24;99;2;4;3
18;18;99;3;4;3
18;25;111;2;4;3
18;19;111;3;4;3
18;26;99;12;4;3
18;20;99;13;4;3
18;27;111;12;4;3
18;21;111;13;4;3
18;28;99;22;4;3
18;22;99;23;4;3
18;29;111;22;4;3
18;23;111;23;4;3
18;0;0;57;1;1
18;1;6;57;1;1
18;2;0;63;1;1
18;3;6;63;1;1
18;4;0;69;1;1
18;5;6;69;1;1
18;6;123;3;1;1
18;7;135;3;1;1
18;8;123;13;1;1
18;9;135;13;1;1
18;10;123;23;1;1
18;11;135;23;1;1
18;12;3;2;1;1
18;13;15;2;1;1
18;14;3;12;1;1
18;15;15;12;1;1
18;16;3;22;1;1
18;17;15;22;1;1
18;30;27;2;1;1
18;31;39;2;1;1
18;32;27;12;1;1
18;33;39;12;1;1
18;34;27;22;1;1
18;35;39;22;1;1
18;36;75;2;1;1
18;37;87;2;1;1
18;38;75;12;1;1
18;39;87;12;1;1
18;40;75;22;1;1
18;41;87;22;1;1
18;42;147;3;1;1
18;43;159;3;1;1
18;44;147;13;1;1
18;45;159;13;1;1
18;46;147;23;1;1
18;47;159;23;1;1
19;18;99;110;1;1
19;19;111;110;1;1
19;20;99;116;1;1
19;21;111;116;1;1
19;22;99;122;1;1
19;23;111;122;1;1
19;6;123;110;1;1
19;7;135;110;1;1
19;8;123;116;1;1
19;9;135;116;1;1
19;10;123;122;1;1
19;11;135;122;1;1
19;42;147;110;1;1
19;43;159;110;1;1
19;44;147;116;1;1
19;45;159;116;1;1
19;46;147;122;1;1
19;47;159;122;1;1
19;0;0;57;1;1
19;1;6;57;1;1
19;2;0;63;1;1
19;3;6;63;1;1
19;4;0;69;1;1
19;5;6;69;1;1
19;12;3;2;1;1
19;13;15;2;1;1
19;14;3;12;1;1
19;15;15;12;1;1
19;16;3;22;1;1
19;17;15;22;1;1
19;24;99;2;1;1
19;25;111;2;1;1
19;26;99;12;1;1
19;27;111;12;1;1
19;28;99;22;1;1
19;29;111;22;1;1
19;30;27;2;1;1
19;31;39;2;1;1
19;32;27;12;1;1
19;33;39;12;1;1
19;34;27;22;1;1
19;35;39;22;1;1
19;36;75;2;1;1
19;37;87;2;1;1
19;38;75;12;1;1
19;39;87;12;1;1
19;40;75;22;1;1
19;41;87;22;1;1
20;18;1;110;1;1
20;19;7;110;1;1
20;20;1;116;1;1
20;21;7;116;1;1
20;22;1;122;1;1
20;23;7;122;1;1
20;6;13;110;1;1
20;7;19;110;1;1
20;8;13;116;1;1
20;9;19;116;1;1
20;10;13;122;1;1
20;11;19;122;1;1
20;42;25;110;1;1
20;43;31;110;1;1
20;44;25;116;1;1
20;45;31;116;1;1
20;46;25;122;1;1
20;47;31;122;1;1
20;0;0;57;1;1
20;1;6;57;1;1
20;2;0;63;1;1
20;3;6;63;1;1
20;4;0;69;1;1
20;5;6;69;1;1
20;12;3;2;1;1
20;13;15;2;1;1
20;14;3;12;1;1
20;15;15;12;1;1
20;16;3;22;1;1
20;17;15;22;1;1
20;24;99;2;1;1
20;25;111;2;1;1
20;26;99;12;1;1
20;27;111;12;1;1
20;28;99;22;1;1
20;29;111;22;1;1
20;30;27;2;1;1
20;31;39;2;1;1
20;32;27;12;1;1
20;33;39;12;1;1
20;34;27;22;1;1
20;35;39;22;1;1
20;36;75;2;1;1
20;37;87;2;1;1
20;38;75;12;1;1
20;39;87;12;1;1
20;40;75;22;1;1
20;41;87;22;1;1
21;18;1;111;1;1
21;19;7;111;1;1
21;20;1;117;1;1
21;21;7;117;1;1
21;22;1;123;1;1
21;23;7;123;1;1
21;6;13;111;1;1
21;7;19;111;1;1
21;8;13;117;1;1
21;9;19;117;1;1
21;10;13;123;1;1
21;11;19;123;1;1
21;42;25;111;1;1
21;43;31;111;1;1
21;44;25;117;1;1
21;45;31;117;1;1
21;46;25;123;1;1
21;47;31;123;1;1
21;0;0;57;1;1
21;1;6;57;1;1
21;2;0;63;1;1
21;3;6;63;1;1
21;4;0;69;1;1
21;5;6;69;1;1
21;12;3;2;1;1
21;13;15;2;1;1
21;14;3;12;1;1
21;15;15;12;1;1
21;16;3;22;1;1
21;17;15;22;1;1
21;24;99;2;1;1
21;25;111;2;1;1
21;26;99;12;1;1
21;27;111;12;1;1
21;28;99;22;1;1
21;29;111;22;1;1
21;30;27;2;1;1
21;31;39;2;1;1
21;32;27;12;1;1
21;33;39;12;1;1
21;34;27;22;1;1
21;35;39;22;1;1
21;36;75;2;1;1
21;37;87;2;1;1
21;38;75;12;1;1
21;39;87;12;1;1
21;40;75;22;1;1
21;41;87;22;1;1
22;18;0;111;1;1
22;19;6;111;1;1
22;20;0;117;1;1
22;21;6;117;1;1
22;22;0;123;1;1
22;23;6;123;1;1
22;6;12;111;1;1
22;7;18;111;1;1
22;8;12;117;1;1
22;9;18;117;1;1
22;10;12;123;1;1
22;11;18;123;1;1
22;42;24;111;1;1
22;43;30;111;1;1
22;44;24;117;1;1
22;45;30;117;1;1
22;46;24;123;1;1
22;47;30;123;1;1
22;0;0;57;1;1
22;1;6;57;1;1
22;2;0;63;1;1
22;3;6;63;1;1
22;4;0;69;1;1
22;5;6;69;1;1
22;12;3;2;1;1
22;13;15;2;1;1
22;14;3;12;1;1
22;15;15;12;1;1
22;16;3;22;1;1
22;17;15;22;1;1
22;24;99;2;1;1
22;25;111;2;1;1
22;26;99;12;1;1
22;27;111;12;1;1
22;28;99;22;1;1
22;29;111;22;1;1
22;30;27;2;1;1
22;31;39;2;1;1
22;32;27;12;1;1
22;33;39;12;1;1
22;34;27;22;1;1
22;35;39;22;1;1
22;36;75;2;1;1
22;37;87;2;1;1
22;38;75;12;1;1
22;39;87;12;1;1
22;40;75;22;1;1
22;41;87;22;1;1
23;12;4;2;1;1
23;13;16;2;1;1
23;14;4;12;1;1
23;15;16;12;1;1
23;16;4;22;1;1
23;17;16;22;1;1
23;30;28;2;1;1
23;31;40;2;1;1
23;32;28;12;1;1
23;33;40;12;1;1
23;34;28;22;1;1
23;35;40;22;1;1
23;36;76;2;1;1
23;37;88;2;1;1
23;38;76;12;1;1
23;39;88;12;1;1
23;40;76;22;1;1
23;41;88;22;1;1
23;24;100;2;1;1
23;25;112;2;1;1
23;26;100;12;1;1
23;27;112;12;1;1
23;28;100;22;1;1
23;29;112;22;1;1
23;0;0;57;1;1
23;1;6;57;1;1
23;2;0;63;1;1
23;3;6;63;1;1
23;4;0;69;1;1
23;5;6;69;1;1
23;6;12;111;1;1
23;7;18;111;1;1
23;8;12;117;1;1
23;9;18;117;1;1
23;10;12;123;1;1
23;11;18;123;1;1
23;18;0;111;1;1
23;19;6;111;1;1
23;20;0;117;1;1
23;21;6;117;1;1
23;22;0;123;1;1
23;23;6;123;1;1
23;42;24;111;1;1
23;43;30;111;1;1
23;44;24;117;1;1
23;45;30;117;1;1
23;46;24;123;1;1
23;47;30;123;1;1
24;12;4;110;1;1
24;13;16;110;1;1
24;14;4;116;1;1
24;15;16;116;1;1
24;16;4;122;1;1
24;17;16;122;1;1
24;30;28;110;1;1
24;31;40;110;1;1
24;32;28;116;1;1
24;33;40;116;1;1
24;34;28;122;1;1
24;35;40;122;1;1
24;36;76;110;1;1
24;37;88;110;1;1
24;38;76;116;1;1
24;39;88;116;1;1
24;40;76;122;1;1
24;41;88;122;1;1
24;24;100;110;1;1
24;25;112;110;1;1
24;26;100;116;1;1
24;27;112;116;1;1
24;28;100;122;1;1
24;29;112;122;1;1
24;0;0;57;1;1
24;1;6;57;1;1
24;2;0;63;1;1
24;3;6;63;1;1
24;4;0;69;1;1
24;5;6;69;1;1
24;6;12;111;1;1
24;7;18;111;1;1
24;8;12;117;1;1
24;9;18;117;1;1
24;10;12;123;1;1
24;11;18;123;1;1
24;18;0;111;1;1
24;19;6;111;1;1
24;20;0;117;1;1
24;21;6;117;1;1
24;22;0;123;1;1
24;23;6;123;1;1
24;42;24;111;1;1
24;43;30;111;1;1
24;44;24;117;1;1
24;45;30;117;1;1
24;46;24;123;1;1
24;47;30;123;1;1
25;12;37;110;1;1
25;13;43;110;1;1
25;14;37;116;1;1
25;15;43;116;1;1
25;16;37;122;1;1
25;17;43;122;1;1
25;30;49;110;1;1
25;31;55;110;1;1
25;32;49;116;1;1
25;33;55;116;1;1
25;34;49;122;1;1
25;35;55;122;1;1
25;36;61;110;1;1
25;37;67;110;1;1
25;38;61;116;1;1
25;39;67;116;1;1
25;40;61;122;1;1
25;41;67;122;1;1
25;24;73;110;1;1
25;25;79;110;1;1
25;26;73;116;1;1
25;27;79;116;1;1
25;28;73;122;1;1
25;29;79;122;1;1
25;0;0;57;1;1
25;1;6;57;1;1
25;2;0;63;1;1
25;3;6;63;1;1
25;4;0;69;1;1
25;5;6;69;1;1
25;6;12;111;1;1
25;7;18;111;1;1
25;8;12;117;1;1
25;9;18;117;1;1
25;10;12;123;1;1
25;11;18;123;1;1
25;18;0;111;1;1
25;19;6;111;1;1
25;20;0;117;1;1
25;21;6;117;1;1
25;22;0;123;1;1
25;23;6;123;1;1
25;42;24;111;1;1
25;43;30;111;1;1
25;44;24;117;1;1
25;45;30;117;1;1
25;46;24;123;1;1
25;47;30;123;1;1
26;12;37;111;1;1
26;13;43;111;1;1
26;14;37;117;1;1
26;15;43;117;1;1
26;16;37;123;1;1
26;17;43;123;1;1
26;30;49;111;1;1
26;31;55;111;1;1
26;32;49;117;1;1
26;33;55;117;1;1
26;34;49;123;1;1
26;35;55;123;1;1
26;36;61;111;1;1
26;37;67;111;1;1
26;38;61;117;1;1
26;39;67;117;1;1
26;40;61;123;1;1
26;41;67;123;1;1
26;24;73;111;1;1
26;25;79;111;1;1
26;26;73;117;1;1
26;27;79;117;1;1
26;28;73;123;1;1
26;29;79;123;1;1
26;0;0;57;1;1
26;1;6;57;1;1
26;2;0;63;1;1
26;3;6;63;1;1
26;4;0;69;1;1
26;5;6;69;1;1
26;6;12;111;1;1
26;7;18;111;1;1
26;8;12;117;1;1
26;9;18;117;1;1
26;10;12;123;1;1
26;11;18;123;1;1
26;18;0;111;1;1
26;19;6;111;1;1
26;20;0;117;1;1
26;21;6;117;1;1
26;22;0;123;1;1
26;23;6;123;1;1
26;42;24;111;1;1
26;43;30;111;1;1
26;44;24;117;1;1
26;45;30;117;1;1
26;46;24;123;1;1
26;47;30;123;1;1
27;12;36;111;1;1
27;13;42;111;1;1
27;14;36;117;1;1
27;15;42;117;1;1
27;16;36;123;1;1
27;17;42;123;1;1
27;30;48;111;1;1
27;31;54;111;1;1
27;32;48;117;1;1
27;33;54;117;1;1
27;34;48;123;1;1
27;35;54;123;1;1
27;36;60;111;1;1
27;37;66;111;1;1
27;38;60;117;1;1
27;39;66;117;1;1
27;40;60;123;1;1
27;41;66;123;1;1
27;24;72;111;1;1
27;25;78;111;1;1
27;26;72;117;1;1
27;27;78;117;1;1
27;28;72;123;1;1
27;29;78;123;1;1
27;0;0;57;1;1
27;1;6;57;1;1
27;2;0;63;1;1
27;3;6;63;1;1
27;4;0;69;1;1
27;5;6;69;1;1
27;6;12;111;1;1
27;7;18;111;1;1
27;8;12;117;1;1
27;9;18;117;1;1
27;10;12;123;1;1
27;11;18;123;1;1
27;18;0;111;1;1
27;19;6;111;1;1
27;20;0;117;1;1
27;21;6;117;1;1
27;22;0;123;1;1
27;23;6;123;1;1
27;42;24;111;1;1
27;43;30;111;1;1
27;44;24;117;1;1
27;45;30;117;1;1
27;46;24;123;1;1
27;47;30;123;1;1
28;0;0;57;2;2
28;1;6;57;2;2
28;2;0;63;2;2
28;3;6;63;2;2
28;4;0;69;2;2
28;5;6;69;2;2
28;6;12;111;2;2
28;7;18;111;2;2
28;8;12;117;2;2
28;9;18;117;2;2
28;10;12;123;2;2
28;11;18;123;2;2
28;12;36;111;2;2
28;13;42;111;2;2
28;14;36;117;2;2
28;15;42;117;2;2
28;16;36;123;2;2
28;17;42;123;2;2
28;18;0;111;2;2
28;19;6;111;2;2
28;20;0;117;2;2
28;21;6;117;2;2
28;22;0;123;2;2
28;23;6;123;2;2
28;24;72;111;2;2
28;25;78;111;2;2
28;26;72;117;2;2
28;27;78;117;2;2
28;28;72;123;2;2
28;29;78;123;2;2
28;30;48;111;2;2
28;31;54;111;2;2
28;32;48;117;2;2
28;33;54;117;2;2
28;34;48;123;2;2
28;35;54;123;2;2
28;36;60;111;2;2
28;37;66;111;2;2
28;38;60;117;2;2
28;39;66;117;2;2
28;40;60;123;2;2
28;41;66;123;2;2
28;42;24;111;2;2
28;43;30;111;2;2
28;44;24;117;2;2
28;45;30;117;2;2
28;46;24;123;2;2
28;47;30;123;2;2
29;0;0;57;3;2
29;1;6;57;3;2
29;2;0;63;1;1
29;3;6;63;1;1
29;4;0;69;1;1
29;5;6;69;1;1
29;6;12;111;1;1
29;7;18;111;1;1
29;8;12;117;1;1
29;9;18;117;1;1
29;10;12;123;1;1
29;11;18;123;1;1
29;12;36;111;1;1
29;13;42;111;1;1
29;14;36;117;1;1
29;15;42;117;1;1
29;16;36;123;1;1
29;17;42;123;1;1
29;18;0;111;1;1
29;19;6;111;1;1
29;20;0;117;1;1
29;21;6;117;1;1
29;22;0;123;1;1
29;23;6;123;1;1
29;24;72;111;1;1
29;25;78;111;1;1
29;26;72;117;1;1
29;27;78;117;1;1
29;28;72;123;1;1
29;29;78;123;1;1
29;30;48;111;1;1
29;31;54;111;1;1
29;32;48;117;1;1
29;33;54;117;1;1
29;34;48;123;1;1
29;35;54;123;1;1
29;36;60;111;1;1
29;37;66;111;1;1
29;38;60;117;1;1
29;39;66;117;1;1
29;40;60;123;1;1
29;41;66;123;1;1
29;42;24;111;1;1
29;43;30;111;1;1
29;44;24;117;1;1
29;45;30;117;1;1
29;46;24;123;1;1
29;47;30;123;1;1
30;2;0;63;3;2
30;3;6;63;3;2
30;0;0;57;1;1
30;1;6;57;1;1
30;4;0;69;1;1
30;5;6;69;1;1
30;6;12;111;1;1
30;7;18;111;1;1
30;8;12;117;1;1
30;9;18;117;1;1
30;10;12;123;1;1
30;11;18;123;1;1
30;12;36;111;1;1
30;13;42;111;1;1
30;14;36;117;1;1
30;15;42;117;1;1
30;16;36;123;1;1
30;17;42;123;1;1
30;18;0;111;1;1
30;19;6;111;1;1
30;20;0;117;1;1
30;21;6;117;1;1
30;22;0;123;1;1
30;23;6;123;1;1
30;24;72;111;1;1
30;25;78;111;1;1
30;26;72;117;1;1
30;27;78;117;1;1
30;28;72;123;1;1
30;29;78;123;1;1
30;30;48;111;1;1
30;31;54;111;1;1
30;32;48;117;1;1
30;33;54;117;1;1
30;34;48;123;1;1
30;35;54;123;1;1
30;36;60;111;1;1
30;37;66;111;1;1
30;38;60;117;1;1
30;39;66;117;1;1
30;40;60;123;1;1
30;41;66;123;1;1
30;42;24;111;1;1
30;43;30;111;1;1
30;44;24;117;1;1
30;45;30;117;1;1
30;46;24;123;1;1
30;47;30;123;1;1
31;4;0;69;3;2
31;5;6;69;3;2
31;0;0;57;1;1
31;1;6;57;1;1
31;2;0;63;1;1
31;3;6;63;1;1
31;6;12;111;1;1
31;7;18;111;1;1
31;8;12;117;1;1
31;9;18;117;1;1
31;10;12;123;1;1
31;11;18;123;1;1
31;12;36;111;1;1
31;13;42;111;1;1
31;14;36;117;1;1
31;15;42;117;1;1
31;16;36;123;1;1
31;17;42;123;1;1
31;18;0;111;1;1
31;19;6;111;1;1
31;20;0;117;1;1
31;21;6;117;1;1
31;22;0;123;1;1
31;23;6;123;1;1
31;24;72;111;1;1
31;25;78;111;1;1
31;26;72;117;1;1
31;27;78;117;1;1
31;28;72;123;1;1
31;29;78;123;1;1
31;30;48;111;1;1
31;31;54;111;1;1
31;32;48;117;1;1
31;33;54;117;1;1
31;34;48;123;1;1
31;35;54;123;1;1
31;36;60;111;1;1
31;37;66;111;1;1
31;38;60;117;1;1
31;39;66;117;1;1
31;40;60;123;1;1
31;41;66;123;1;1
31;42;24;111;1;1
31;43;30;111;1;1
31;44;24;117;1;1
31;45;30;117;1;1
31;46;24;123;1;1
31;47;30;123;1;1
32;6;12;111;3;2
32;7;18;111;3;2
32;12;36;111;3;2
32;13;42;111;3;2
32;0;0;57;1;1
32;1;6;57;1;1
32;2;0;63;1;1
32;3;6;63;1;1
32;4;0;69;1;1
32;5;6;69;1;1
32;8;12;117;1;1
32;9;18;117;1;1
32;10;12;123;1;1
32;11;18;123;1;1
32;14;36;117;1;1
32;15;42;117;1;1
32;16;36;123;1;1
32;17;42;123;1;1
32;18;0;111;1;1
32;19;6;111;1;1
32;20;0;117;1;1
32;21;6;117;1;1
32;22;0;123;1;1
32;23;6;123;1;1
32;24;72;111;1;1
32;25;78;111;1;1
32;26;72;117;1;1
32;27;78;117;1;1
32;28;72;123;1;1
32;29;78;123;1;1
32;30;48;111;1;1
32;31;54;111;1;1
32;32;48;117;1;1
32;33;54;117;1;1
32;34;48;123;1;1
32;35;54;123;1;1
32;36;60;111;1;1
32;37;66;111;1;1
32;38;60;117;1;1
32;39;66;117;1;1
32;40;60;123;1;1
32;41;66;123;1;1
32;42;24;111;1;1
32;43;30;111;1;1
32;44;24;117;1;1
32;45;30;117;1;1
32;46;24;123;1;1
32;47;30;123;1;1
33;8;12;117;3;2
33;9;18;117;3;2
33;14;36;117;3;2
33;15;42;117;3;2
33;0;0;57;1;1
33;1;6;57;1;1
33;2;0;63;1;1
33;3;6;63;1;1
33;4;0;69;1;1
33;5;6;69;1;1
33;6;12;111;1;1
33;7;18;111;1;1
33;10;12;123;1;1
33;11;18;123;1;1
33;12;36;111;1;1
33;13;42;111;1;1
33;16;36;123;1;1
33;17;42;123;1;1
33;18;0;111;1;1
33;19;6;111;1;1
33;20;0;117;1;1
33;21;6;117;1;1
33;22;0;123;1;1
33;23;6;123;1;1
33;24;72;111;1;1
33;25;78;111;1;1
33;26;72;117;1;1
33;27;78;117;1;1
33;28;72;123;1;1
33;29;78;123;1;1
33;30;48;111;1;1
33;31;54;111;1;1
33;32;48;117;1;1
33;33;54;117;1;1
33;34;48;123;1;1
33;35;54;123;1;1
33;36;60;111;1;1
33;37;66;111;1;1
33;38;60;117;1;1
33;39;66;117;1;1
33;40;60;123;1;1
33;41;66;123;1;1
33;42;24;111;1;1
33;43;30;111;1;1
33;44;24;117;1;1
33;45;30;117;1;1
33;46;24;123;1;1
33;47;30;123;1;1
34;10;12;123;3;2
34;11;18;123;3;2
34;16;36;123;3;2
34;17;42;123;3;2
34;0;0;57;1;1
34;1;6;57;1;1
34;2;0;63;1;1
34;3;6;63;1;1
34;4;0;69;1;1
34;5;6;69;1;1
34;6;12;111;1;1
34;7;18;111;1;1
34;8;12;117;1;1
34;9;18;117;1;1
34;12;36;111;1;1
34;13;42;111;1;1
34;14;36;117;1;1
34;15;42;117;1;1
34;18;0;111;1;1
34;19;6;111;1;1
34;20;0;117;1;1
34;21;6;117;1;1
34;22;0;123;1;1
34;23;6;123;1;1
34;24;72;111;1;1
34;25;78;111;1;1
34;26;72;117;1;1
34;27;78;117;1;1
34;28;72;123;1;1
34;29;78;123;1;1
34;30;48;111;1;1
34;31;54;111;1;1
34;32;48;117;1;1
34;33;54;117;1;1
34;34;48;123;1;1
34;35;54;123;1;1
34;36;60;111;1;1
34;37;66;111;1;1
34;38;60;117;1;1
34;39;66;117;1;1
34;40;60;123;1;1
34;41;66;123;1;1
34;42;24;111;1;1
34;43;30;111;1;1
34;44;24;117;1;1
34;45;30;117;1;1
34;46;24;123;1;1
34;47;30;123;1;1
35;0;0;57;2;2
35;1;6;57;2;2
35;2;0;63;2;2
35;3;6;63;2;2
35;4;0;69;2;2
35;5;6;69;2;2
35;6;12;111;2;2
35;7;18;111;2;2
35;8;12;117;2;2
35;9;18;117;2;2
35;10;12;123;2;2
35;11;18;123;2;2
35;12;36;111;2;2
35;13;42;111;2;2
35;14;36;117;2;2
35;15;42;117;2;2
35;16;36;123;2;2
35;17;42;123;2;2
35;18;0;111;2;2
35;19;6;111;2;2
35;20;0;117;2;2
35;21;6;117;2;2
35;22;0;123;2;2
35;23;6;123;2;2
35;24;72;111;2;2
35;25;78;111;2;2
35;26;72;117;2;2
35;27;78;117;2;2
35;28;72;123;2;2
35;29;78;123;2;2
35;30;48;111;2;2
35;31;54;111;2;2
35;32;48;117;2;2
35;33;54;117;2;2
35;34;48;123;2;2
35;35;54;123;2;2
35;36;60;111;2;2
35;37;66;111;2;2
35;38;60;117;2;2
35;39;66;117;2;2
35;40;60;123;2;2
35;41;66;123;2;2
35;42;24;111;2;2
35;43;30;111;2;2
35;44;24;117;2;2
35;45;30;117;2;2
35;46;24;123;2;2
35;47;30;123;2;2
36;6;13;111;1;1
36;7;19;111;1;1
36;8;13;117;1;1
36;9;19;117;1;1
36;10;13;123;1;1
36;11;19;123;1;1
36;24;73;111;1;1
36;25;79;111;1;1
36;26;73;117;1;1
36;27;79;117;1;1
36;28;73;123;1;1
36;29;79;123;1;1
36;0;0;57;1;1
36;1;6;57;1;1
36;2;0;63;1;1
36;3;6;63;1;1
36;4;0;69;1;1
36;5;6;69;1;1
36;12;36;111;1;1
36;13;42;111;1;1
36;14;36;117;1;1
36;15;42;117;1;1
36;16;36;123;1;1
36;17;42;123;1;1
36;18;0;111;1;1
36;19;6;111;1;1
36;20;0;117;1;1
36;21;6;117;1;1
36;22;0;123;1;1
36;23;6;123;1;1
36;30;48;111;1;1
36;31;54;111;1;1
36;32;48;117;1;1
36;33;54;117;1;1
36;34;48;123;1;1
36;35;54;123;1;1
36;36;60;111;1;1
36;37;66;111;1;1
36;38;60;117;1;1
36;39;66;117;1;1
36;40;60;123;1;1
36;41;66;123;1;1
36;42;24;111;1;1
36;43;30;111;1;1
36;44;24;117;1;1
36;45;30;117;1;1
36;46;24;123;1;1
36;47;30;123;1;1
37;6;13;3;1;1
37;7;19;3;1;1
37;8;13;13;1;1
37;9;19;13;1;1
37;10;13;23;1;1
37;11;19;23;1;1
37;24;73;3;1;1
37;25;79;3;1;1
37;26;73;13;1;1
37;27;79;13;1;1
37;28;73;23;1;1
37;29;79;23;1;1
37;0;0;57;1;1
37;1;6;57;1;1
37;2;0;63;1;1
37;3;6;63;1;1
37;4;0;69;1;1
37;5;6;69;1;1
37;12;36;111;1;1
37;13;42;111;1;1
37;14;36;117;1;1
37;15;42;117;1;1
37;16;36;123;1;1
37;17;42;123;1;1
37;18;0;111;1;1
37;19;6;111;1;1
37;20;0;117;1;1
37;21;6;117;1;1
37;22;0;123;1;1
37;23;6;123;1;1
37;30;48;111;1;1
37;31;54;111;1;1
37;32;48;117;1;1
37;33;54;117;1;1
37;34;48;123;1;1
37;35;54;123;1;1
37;36;60;111;1;1
37;37;66;111;1;1
37;38;60;117;1;1
37;39;66;117;1;1
37;40;60;123;1;1
37;41;66;123;1;1
37;42;24;111;1;1
37;43;30;111;1;1
37;44;24;117;1;1
37;45;30;117;1;1
37;46;24;123;1;1
37;47;30;123;1;1
38;6;4;3;1;1
38;7;16;3;1;1
38;8;4;13;1;1
38;9;16;13;1;1
38;10;4;23;1;1
38;11;16;23;1;1
38;24;28;3;1;1
38;25;40;3;1;1
38;26;28;13;1;1
38;27;40;13;1;1
38;28;28;23;1;1
38;29;40;23;1;1
38;0;0;57;1;1
38;1;6;57;1;1
38;2;0;63;1;1
38;3;6;63;1;1
38;4;0;69;1;1
38;5;6;69;1;1
38;12;36;111;1;1
38;13;42;111;1;1
38;14;36;117;1;1
38;15;42;117;1;1
38;16;36;123;1;1
38;17;42;123;1;1
38;18;0;111;1;1
38;19;6;111;1;1
38;20;0;117;1;1
38;21;6;117;1;1
38;22;0;123;1;1
38;23;6;123;1;1
38;30;48;111;1;1
38;31;54;111;1;1
38;32;48;117;1;1
38;33;54;117;1;1
38;34;48;123;1;1
38;35;54;123;1;1
38;36;60;111;1;1
38;37;66;111;1;1
38;38;60;117;1;1
38;39;66;117;1;1
38;40;60;123;1;1
38;41;66;123;1;1
38;42;24;111;1;1
38;43;30;111;1;1
38;44;24;117;1;1
38;45;30;117;1;1
38;46;24;123;1;1
38;47;30;123;1;1
39;6;4;2;1;1
39;7;16;2;1;1
39;8;4;12;1;1
39;9;16;12;1;1
39;10;4;22;1;1
39;11;16;22;1;1
39;24;28;2;1;1
39;25;40;2;1;1
39;26;28;12;1;1
39;27;40;12;1;1
39;28;28;22;1;1
39;29;40;22;1;1
39;0;0;57;1;1
39;1;6;57;1;1
39;2;0;63;1;1
39;3;6;63;1;1
39;4;0;69;1;1
39;5;6;69;1;1
39;12;36;111;1;1
39;13;42;111;1;1
39;14;36;117;1;1
39;15;42;117;1;1
39;16;36;123;1;1
39;17;42;123;1;1
39;18;0;111;1;1
39;19;6;111;1;1
39;20;0;117;1;1
39;21;6;117;1;1
39;22;0;123;1;1
39;23;6;123;1;1
39;30;48;111;1;1
39;31;54;111;1;1
39;32;48;117;1;1
39;33;54;117;1;1
39;34;48;123;1;1
39;35;54;123;1;1
39;36;60;111;1;1
39;37;66;111;1;1
39;38;60;117;1;1
39;39;66;117;1;1
39;40;60;123;1;1
39;41;66;123;1;1
39;42;24;111;1;1
39;43;30;111;1;1
39;44;24;117;1;1
39;45;30;117;1;1
39;46;24;123;1;1
39;47;30;123;1;1
40;6;3;2;1;1
40;7;15;2;1;1
40;8;3;12;1;1
40;9;15;12;1;1
40;10;3;22;1;1
40;11;15;22;1;1
40;24;27;2;1;1
40;25;39;2;1;1
40;26;27;12;1;1
40;27;39;12;1;1
40;28;27;22;1;1
40;29;39;22;1;1
40;0;0;57;1;1
40;1;6;57;1;1
40;2;0;63;1;1
40;3;6;63;1;1
40;4;0;69;1;1
40;5;6;69;1;1
40;12;36;111;1;1
40;13;42;111;1;1
40;14;36;117;1;1
40;15;42;117;1;1
40;16;36;123;1;1
40;17;42;123;1;1
40;18;0;111;1;1
40;19;6;111;1;1
40;20;0;117;1;1
40;21;6;117;1;1
40;22;0;123;1;1
40;23;6;123;1;1
40;30;48;111;1;1
40;31;54;111;1;1
40;32;48;117;1;1
40;33;54;117;1;1
40;34;48;123;1;1
40;35;54;123;1;1
40;36;60;111;1;1
40;37;66;111;1;1
40;38;60;117;1;1
40;39;66;117;1;1
40;40;60;123;1;1
40;41;66;123;1;1
40;42;24;111;1;1
40;43;30;111;1;1
40;44;24;117;1;1
40;45;30;117;1;1
40;46;24;123;1;1
40;47;30;123;1;1
41;12;37;111;1;1
41;13;43;111;1;1
41;14;37;117;1;1
41;15;43;117;1;1
41;16;37;123;1;1
41;17;43;123;1;1
41;30;49;111;1;1
41;31;55;111;1;1
41;32;49;117;1;1
41;33;55;117;1;1
41;34;49;123;1;1
41;35;55;123;1;1
41;0;0;57;1;1
41;1;6;57;1;1
41;2;0;63;1;1
41;3;6;63;1;1
41;4;0;69;1;1
41;5;6;69;1;1
41;6;3;2;1;1
41;7;15;2;1;1
41;8;3;12;1;1
41;9;15;12;1;1
41;10;3;22;1;1
41;11;15;22;1;1
41;18;0;111;1;1
41;19;6;111;1;1
41;20;0;117;1;1
41;21;6;117;1;1
41;22;0;123;1;1
41;23;6;123;1;1
41;24;27;2;1;1
41;25;39;2;1;1
41;26;27;12;1;1
41;27;39;12;1;1
41;28;27;22;1;1
41;29;39;22;1;1
41;36;60;111;1;1
41;37;66;111;1;1
41;38;60;117;1;1
41;39;66;117;1;1
41;40;60;123;1;1
41;41;66;123;1;1
41;42;24;111;1;1
41;43;30;111;1;1
41;44;24;117;1;1
41;45;30;117;1;1
41;46;24;123;1;1
41;47;30;123;1;1
42;12;37;3;1;1
42;13;43;3;1;1
42;14;37;13;1;1
42;15;43;13;1;1
42;16;37;23;1;1
42;17;43;23;1;1
42;30;49;3;1;1
42;31;55;3;1;1
42;32;49;13;1;1
42;33;55;13;1;1
42;34;49;23;1;1
42;35;55;23;1;1
42;0;0;57;1;1
42;1;6;57;1;1
42;2;0;63;1;1
42;3;6;63;1;1
42;4;0;69;1;1
42;5;6;69;1;1
42;6;3;2;1;1
42;7;15;2;1;1
42;8;3;12;1;1
42;9;15;12;1;1
42;10;3;22;1;1
42;11;15;22;1;1
42;18;0;111;1;1
42;19;6;111;1;1
42;20;0;117;1;1
42;21;6;117;1;1
42;22;0;123;1;1
42;23;6;123;1;1
42;24;27;2;1;1
42;25;39;2;1;1
42;26;27;12;1;1
42;27;39;12;1;1
42;28;27;22;1;1
42;29;39;22;1;1
42;36;60;111;1;1
42;37;66;111;1;1
42;38;60;117;1;1
42;39;66;117;1;1
42;40;60;123;1;1
42;41;66;123;1;1
42;42;24;111;1;1
42;43;30;111;1;1
42;44;24;117;1;1
42;45;30;117;1;1
42;46;24;123;1;1
42;47;30;123;1;1
43;12;3;3;1;1
43;13;15;3;1;1
43;14;3;13;1;1
43;15;15;13;1;1
43;16;3;23;1;1
43;17;15;23;1;1
43;30;27;3;1;1
43;31;39;3;1;1
43;32;27;13;1;1
43;33;39;13;1;1
43;34;27;23;1;1
43;35;39;23;1;1
43;0;0;57;1;1
43;1;6;57;1;1
43;2;0;63;1;1
43;3;6;63;1;1
43;4;0;69;1;1
43;5;6;69;1;1
43;6;3;2;1;1
43;7;15;2;1;1
43;8;3;12;1;1
43;9;15;12;1;1
43;10;3;22;1;1
43;11;15;22;1;1
43;18;0;111;1;1
43;19;6;111;1;1
43;20;0;117;1;1
43;21;6;117;1;1
43;22;0;123;1;1
43;23;6;123;1;1
43;24;27;2;1;1
43;25;39;2;1;1
43;26;27;12;1;1
43;27;39;12;1;1
43;28;27;22;1;1
43;29;39;22;1;1
43;36;60;111;1;1
43;37;66;111;1;1
43;38;60;117;1;1
43;39;66;117;1;1
43;40;60;123;1;1
43;41;66;123;1;1
43;42;24;111;1;1
43;43;30;111;1;1
43;44;24;117;1;1
43;45;30;117;1;1
43;46;24;123;1;1
43;47;30;123;1;1
44;12;3;3;4;3
44;6;3;2;4;3
44;13;15;3;4;3
44;7;15;2;4;3
44;14;3;13;4;3
44;8;3;12;4;3
44;15;15;13;4;3
44;9;15;12;4;3
44;16;3;23;4;3
44;10;3;22;4;3
44;17;15;23;4;3
44;11;15;22;4;3
44;30;27;3;4;3
44;24;27;2;4;3
44;31;39;3;4;3
44;25;39;2;4;3
44;32;27;13;4;3
44;26;27;12;4;3
44;33;39;13;4;3
44;27;39;12;4;3
44;34;27;23;4;3
44;28;27;22;4;3
44;35;39;23;4;3
44;29;39;22;4;3
44;0;0;57;1;1
44;1;6;57;1;1
44;2;0;63;1;1
44;3;6;63;1;1
44;4;0;69;1;1
44;5;6;69;1;1
44;18;0;111;1;1
44;19;6;111;1;1
44;20;0;117;1;1
44;21;6;117;1;1
44;22;0;123;1;1
44;23;6;123;1;1
44;36;60;111;1;1
44;37;66;111;1;1
44;38;60;117;1;1
44;39;66;117;1;1
44;40;60;123;1;1
44;41;66;123;1;1
44;42;24;111;1;1
44;43;30;111;1;1
44;44;24;117;1;1
44;45;30;117;1;1
44;46;24;123;1;1
44;47;30;123;1;1
45;12;3;110;1;1
45;13;15;110;1;1
45;14;3;116;1;1
45;15;15;116;1;1
45;16;3;122;1;1
45;17;15;122;1;1
45;30;27;110;1;1
45;31;39;110;1;1
45;32;27;116;1;1
45;33;39;116;1;1
45;34;27;122;1;1
45;35;39;122;1;1
45;0;0;57;1;1
45;1;6;57;1;1
45;2;0;63;1;1
45;3;6;63;1;1
45;4;0;69;1;1
45;5;6;69;1;1
45;6;3;2;1;1
45;7;15;2;1;1
45;8;3;12;1;1
45;9;15;12;1;1
45;10;3;22;1;1
45;11;15;22;1;1
45;18;0;111;1;1
45;19;6;111;1;1
45;20;0;117;1;1
45;21;6;117;1;1
45;22;0;123;1;1
45;23;6;123;1;1
45;24;27;2;1;1
45;25;39;2;1;1
45;26;27;12;1;1
45;27;39;12;1;1
45;28;27;22;1;1
45;29;39;22;1;1
45;36;60;111;1;1
45;37;66;111;1;1
45;38;60;117;1;1
45;39;66;117;1;1
45;40;60;123;1;1
45;41;66;123;1;1
45;42;24;111;1;1
45;43;30;111;1;1
45;44;24;117;1;1
45;45;30;117;1;1
45;46;24;123;1;1
45;47;30;123;1;1
46;12;13;110;1;1
46;13;19;110;1;1
46;14;13;116;1;1
46;15;19;116;1;1
46;16;13;122;1;1
46;17;19;122;1;1
46;30;37;110;1;1
46;31;43;110;1;1
46;32;37;116;1;1
46;33;43;116;1;1
46;34;37;122;1;1
46;35;43;122;1;1
46;0;0;57;1;1
46;1;6;57;1;1
46;2;0;63;1;1
46;3;6;63;1;1
46;4;0;69;1;1
46;5;6;69;1;1
46;6;3;2;1;1
46;7;15;2;1;1
46;8;3;12;1;1
46;9;15;12;1;1
46;10;3;22;1;1
46;11;15;22;1;1
46;18;0;111;1;1
46;19;6;111;1;1
46;20;0;117;1;1
46;21;6;117;1;1
46;22;0;123;1;1
46;23;6;123;1;1
46;24;27;2;1;1
46;25;39;2;1;1
46;26;27;12;1;1
46;27;39;12;1;1
46;28;27;22;1;1
46;29;39;22;1;1
46;36;60;111;1;1
46;37;66;111;1;1
46;38;60;117;1;1
46;39;66;117;1;1
46;40;60;123;1;1
46;41;66;123;1;1
46;42;24;111;1;1
46;43;30;111;1;1
46;44;24;117;1;1
46;45;30;117;1;1
46;46;24;123;1;1
46;47;30;123;1;1
47;12;13;111;1;1
47;13;19;111;1;1
47;14;13;117;1;1
47;15;19;117;1;1
47;16;13;123;1;1
47;17;19;123;1;1
47;30;37;111;1;1
47;31;43;111;1;1
47;32;37;117;1;1
47;33;43;117;1;1
47;34;37;123;1;1
47;35;43;123;1;1
47;0;0;57;1;1
47;1;6;57;1;1
47;2;0;63;1;1
47;3;6;63;1;1
47;4;0;69;1;1
47;5;6;69;1;1
47;6;3;2;1;1
47;7;15;2;1;1
47;8;3;12;1;1
47;9;15;12;1;1
47;10;3;22;1;1
47;11;15;22;1;1
47;18;0;111;1;1
47;19;6;111;1;1
47;20;0;117;1;1
47;21;6;117;1;1
47;22;0;123;1;1
47;23;6;123;1;1
47;24;27;2;1;1
47;25;39;2;1;1
47;26;27;12;1;1
47;27;39;12;1;1
47;28;27;22;1;1
47;29;39;22;1;1
47;36;60;111;1;1
47;37;66;111;1;1
47;38;60;117;1;1
47;39;66;117;1;1
47;40;60;123;1;1
47;41;66;123;1;1
47;42;24;111;1;1
47;43;30;111;1;1
47;44;24;117;1;1
47;45;30;117;1;1
47;46;24;123;1;1
47;47;30;123;1;1
48;12;12;111;1;1
48;13;18;111;1;1
48;14;12;117;1;1
48;15;18;117;1;1
48;16;12;123;1;1
48;17;18;123;1;1
48;30;36;111;1;1
48;31;42;111;1;1
48;32;36;117;1;1
48;33;42;117;1;1
48;34;36;123;1;1
48;35;42;123;1;1
48;0;0;57;1;1
48;1;6;57;1;1
48;2;0;63;1;1
48;3;6;63;1;1
48;4;0;69;1;1
48;5;6;69;1;1
48;6;3;2;1;1
48;7;15;2;1;1
48;8;3;12;1;1
48;9;15;12;1;1
48;10;3;22;1;1
48;11;15;22;1;1
48;18;0;111;1;1
48;19;6;111;1;1
48;20;0;117;1;1
48;21;6;117;1;1
48;22;0;123;1;1
48;23;6;123;1;1
48;24;27;2;1;1
48;25;39;2;1;1
48;26;27;12;1;1
48;27;39;12;1;1
48;28;27;22;1;1
48;29;39;22;1;1
48;36;60;111;1;1
48;37;66;111;1;1
48;38;60;117;1;1
48;39;66;117;1;1
48;40;60;123;1;1
48;41;66;123;1;1
48;42;24;111;1;1
48;43;30;111;1;1
48;44;24;117;1;1
48;45;30;117;1;1
48;46;24;123;1;1
48;47;30;123;1;1
49;6;4;2;1;1
49;7;16;2;1;1
49;8;4;12;1;1
49;9;16;12;1;1
49;10;4;22;1;1
49;11;16;22;1;1
49;24;28;2;1;1
49;25;40;2;1;1
49;26;28;12;1;1
49;27;40;12;1;1
49;28;28;22;1;1
49;29;40;22;1;1
49;0;0;57;1;1
49;1;6;57;1;1
49;2;0;63;1;1
49;3;6;63;1;1
49;4;0;69;1;1
49;5;6;69;1;1
49;12;12;111;1;1
49;13;18;111;1;1
49;14;12;117;1;1
49;15;18;117;1;1
49;16;12;123;1;1
49;17;18;123;1;1
49;18;0;111;1;1
49;19;6;111;1;1
49;20;0;117;1;1
49;21;6;117;1;1
49;22;0;123;1;1
49;23;6;123;1;1
49;30;36;111;1;1
49;31;42;111;1;1
49;32;36;117;1;1
49;33;42;117;1;1
49;34;36;123;1;1
49;35;42;123;1;1
49;36;60;111;1;1
49;37;66;111;1;1
49;38;60;117;1;1
49;39;66;117;1;1
49;40;60;123;1;1
49;41;66;123;1;1
49;42;24;111;1;1
49;43;30;111;1;1
49;44;24;117;1;1
49;45;30;117;1;1
49;46;24;123;1;1
49;47;30;123;1;1
50;6;4;110;1;1
50;7;16;110;1;1
50;8;4;116;1;1
50;9;16;116;1;1
50;10;4;122;1;1
50;11;16;122;1;1
50;24;28;110;1;1
50;25;40;110;1;1
50;26;28;116;1;1
50;27;40;116;1;1
50;28;28;122;1;1
50;29;40;122;1;1
50;0;0;57;1;1
50;1;6;57;1;1
50;2;0;63;1;1
50;3;6;63;1;1
50;4;0;69;1;1
50;5;6;69;1;1
50;12;12;111;1;1
50;13;18;111;1;1
50;14;12;117;1;1
50;15;18;117;1;1
50;16;12;123;1;1
50;17;18;123;1;1
50;18;0;111;1;1
50;19;6;111;1;1
50;20;0;117;1;1
50;21;6;117;1;1
50;22;0;123;1;1
50;23;6;123;1;1
50;30;36;111;1;1
50;31;42;111;1;1
50;32;36;117;1;1
50;33;42;117;1;1
50;34;36;123;1;1
50;35;42;123;1;1
50;36;60;111;1;1
50;37;66;111;1;1
50;38;60;117;1;1
50;39;66;117;1;1
50;40;60;123;1;1
50;41;66;123;1;1
50;42;24;111;1;1
50;43;30;111;1;1
50;44;24;117;1;1
50;45;30;117;1;1
50;46;24;123;1;1
50;47;30;123;1;1
51;6;49;110;1;1
51;7;55;110;1;1
51;8;49;116;1;1
51;9;55;116;1;1
51;10;49;122;1;1
51;11;55;122;1;1
51;24;73;110;1;1
51;25;79;110;1;1
51;26;73;116;1;1
51;27;79;116;1;1
51;28;73;122;1;1
51;29;79;122;1;1
51;0;0;57;1;1
51;1;6;57;1;1
51;2;0;63;1;1
51;3;6;63;1;1
51;4;0;69;1;1
51;5;6;69;1;1
51;12;12;111;1;1
51;13;18;111;1;1
51;14;12;117;1;1
51;15;18;117;1;1
51;16;12;123;1;1
51;17;18;123;1;1
51;18;0;111;1;1
51;19;6;111;1;1
51;20;0;117;1;1
51;21;6;117;1;1
51;22;0;123;1;1
51;23;6;123;1;1
51;30;36;111;1;1
51;31;42;111;1;1
51;32;36;117;1;1
51;33;42;117;1;1
51;34;36;123;1;1
51;35;42;123;1;1
51;36;60;111;1;1
51;37;66;111;1;1
51;38;60;117;1;1
51;39;66;117;1;1
51;40;60;123;1;1
51;41;66;123;1;1
51;42;24;111;1;1
51;43;30;111;1;1
51;44;24;117;1;1
51;45;30;117;1;1
51;46;24;123;1;1
51;47;30;123;1;1
52;6;49;111;1;1
52;7;55;111;1;1
52;8;49;117;1;1
52;9;55;117;1;1
52;10;49;123;1;1
52;11;55;123;1;1
52;24;73;111;1;1
52;25;79;111;1;1
52;26;73;117;1;1
52;27;79;117;1;1
52;28;73;123;1;1
52;29;79;123;1;1
52;0;0;57;1;1
52;1;6;57;1;1
52;2;0;63;1;1
52;3;6;63;1;1
52;4;0;69;1;1
52;5;6;69;1;1
52;12;12;111;1;1
52;13;18;111;1;1
52;14;12;117;1;1
52;15;18;117;1;1
52;16;12;123;1;1
52;17;18;123;1;1
52;18;0;111;1;1
52;19;6;111;1;1
52;20;0;117;1;1
52;21;6;117;1;1
52;22;0;123;1;1
52;23;6;123;1;1
52;30;36;111;1;1
52;31;42;111;1;1
52;32;36;117;1;1
52;33;42;117;1;1
52;34;36;123;1;1
52;35;42;123;1;1
52;36;60;111;1;1
52;37;66;111;1;1
52;38;60;117;1;1
52;39;66;117;1;1
52;40;60;123;1;1
52;41;66;123;1;1
52;42;24;111;1;1
52;43;30;111;1;1
52;44;24;117;1;1
52;45;30;117;1;1
52;46;24;123;1;1
52;47;30;123;1;1
53;6;48;111;1;1
53;7;54;111;1;1
53;8;48;117;1;1
53;9;54;117;1;1
53;10;48;123;1;1
53;11;54;123;1;1
53;24;72;111;1;1
53;25;78;111;1;1
53;26;72;117;1;1
53;27;78;117;1;1
53;28;72;123;1;1
53;29;78;123;1;1
53;0;0;57;1;1
53;1;6;57;1;1
53;2;0;63;1;1
53;3;6;63;1;1
53;4;0;69;1;1
53;5;6;69;1;1
53;12;12;111;1;1
53;13;18;111;1;1
53;14;12;117;1;1
53;15;18;117;1;1
53;16;12;123;1;1
53;17;18;123;1;1
53;18;0;111;1;1
53;19;6;111;1;1
53;20;0;117;1;1
53;21;6;117;1;1
53;22;0;123;1;1
53;23;6;123;1;1
53;30;36;111;1;1
53;31;42;111;1;1
53;32;36;117;1;1
53;33;42;117;1;1
53;34;36;123;1;1
53;35;42;123;1;1
53;36;60;111;1;1
53;37;66;111;1;1
53;38;60;117;1;1
53;39;66;117;1;1
53;40;60;123;1;1
53;41;66;123;1;1
53;42;24;111;1;1
53;43;30;111;1;1
53;44;24;117;1;1
53;45;30;117;1;1
53;46;24;123;1;1
53;47;30;123;1;1
